"age","Email","Internet","Reddit","SocialNetworking","Twitter","DatingSite"
18,0.894736842105263,1,0.102564102564103,0.9,0.425,0.075
19,0.769230769230769,1,0.206896551724138,0.896551724137931,0.551724137931034,0.0344827586206897
20,0.8,1,0.142857142857143,0.918918918918919,0.27027027027027,0.0810810810810811
21,0.769230769230769,1,0.0740740740740741,0.925925925925926,0.259259259259259,0.0740740740740741
22,0.928571428571429,0.928571428571429,0.114285714285714,0.942857142857143,0.428571428571429,0.0588235294117647
23,0.9375,1,0.125,0.914285714285714,0.342857142857143,0.0857142857142857
24,0.954545454545455,0.954545454545455,0.027027027027027,0.945945945945946,0.27027027027027,0.135135135135135
25,0.8125,0.8125,0.111111111111111,0.814814814814815,0.333333333333333,0.259259259259259
26,0.857142857142857,1,0.0740740740740741,0.821428571428571,0.25,0.107142857142857
27,0.8,0.96,0.184210526315789,0.897435897435897,0.153846153846154,0.153846153846154
28,0.857142857142857,0.928571428571429,0.0689655172413793,0.741935483870968,0.225806451612903,0.0645161290322581
29,1,1,0.0740740740740741,0.9,0.166666666666667,0.2
30,0.647058823529412,0.823529411764706,0.148148148148148,0.75,0.148148148148148,0.321428571428571
31,1,1,0,1,0.307692307692308,0.0769230769230769
32,0.894736842105263,1,0.0714285714285714,0.931034482758621,0.137931034482759,0.241379310344828
33,1,1,0.15,0.904761904761905,0.238095238095238,0.142857142857143
34,0.916666666666667,1,0.0869565217391304,0.769230769230769,0.192307692307692,0.153846153846154
35,0.736842105263158,0.894736842105263,0.0740740740740741,0.892857142857143,0.142857142857143,0.107142857142857
36,0.9,0.9,0.0666666666666667,0.733333333333333,0.133333333333333,0.166666666666667
37,0.8,0.8,0,0.666666666666667,0.125,0.173913043478261
38,0.85,0.95,0.0967741935483871,0.84375,0.21875,0.21875
39,1,1,0.0555555555555556,0.777777777777778,0.0555555555555556,0.222222222222222
40,0.91304347826087,0.956521739130435,0.0263157894736842,0.897435897435897,0.153846153846154,0.153846153846154
41,0.857142857142857,1,0,0.727272727272727,0.181818181818182,0.318181818181818
42,0.894736842105263,1,0.125,0.771428571428571,0.142857142857143,0.114285714285714
43,0.916666666666667,0.833333333333333,0.0434782608695652,0.782608695652174,0.260869565217391,0.0434782608695652
44,1,0.933333333333333,0.12,0.769230769230769,0.153846153846154,0.115384615384615
45,0.826086956521739,0.91304347826087,0.0555555555555556,0.763157894736842,0.157894736842105,0.0833333333333333
46,0.833333333333333,1,0,0.666666666666667,0.222222222222222,0.166666666666667
47,0.928571428571429,0.928571428571429,0,0.7,0.161290322580645,0.161290322580645
48,0.631578947368421,0.894736842105263,0.107142857142857,0.533333333333333,0.2,0.0666666666666667
49,0.789473684210526,0.842105263157895,0.0666666666666667,0.741935483870968,0.0967741935483871,0.0645161290322581
50,0.925925925925926,0.925925925925926,0.0638297872340425,0.7,0.16,0.12
51,0.833333333333333,0.916666666666667,0.0434782608695652,0.478260869565217,0.130434782608696,0.0909090909090909
52,0.909090909090909,0.909090909090909,0,0.622222222222222,0.111111111111111,0.133333333333333
53,0.818181818181818,0.863636363636364,0,0.71875,0.15625,0
54,0.708333333333333,0.91304347826087,0.04,0.588235294117647,0.176470588235294,0.0196078431372549
55,0.75,0.875,0,0.785714285714286,0,0.107142857142857
56,0.714285714285714,0.714285714285714,0.0344827586206897,0.7,0.233333333333333,0.0967741935483871
57,0.75,0.8,0,0.514285714285714,0.114285714285714,0.0857142857142857
58,0.739130434782609,0.782608695652174,0.024390243902439,0.555555555555556,0.133333333333333,0.111111111111111
59,0.65,0.736842105263158,0.0357142857142857,0.586206896551724,0.0689655172413793,0.0344827586206897
60,0.807692307692308,0.769230769230769,0,0.56,0.18,0.18
61,0.761904761904762,0.857142857142857,0,0.666666666666667,0.151515151515152,0.121212121212121
62,0.6,0.7,0.0277777777777778,0.675675675675676,0.0810810810810811,0.027027027027027
63,0.928571428571429,1,0.0714285714285714,0.642857142857143,0.107142857142857,0.142857142857143
64,0.727272727272727,0.772727272727273,0,0.542857142857143,0.0555555555555556,0.0555555555555556
65,0.666666666666667,0.782608695652174,0.0540540540540541,0.540540540540541,0.0540540540540541,0.027027027027027
66,0.68,0.64,0,0.583333333333333,0.0555555555555556,0.0277777777777778
67,0.647058823529412,0.823529411764706,0.0303030303030303,0.515151515151515,0.0303030303030303,0.0606060606060606
68,0.705882352941177,0.823529411764706,0,0.5,0.125,0.125
69,0.636363636363636,0.636363636363636,0.0714285714285714,0.375,0.0625,0.0625
70,0.75,0.8125,0,0.461538461538462,0.0384615384615385,0.192307692307692
71,0.6875,0.8125,0.0555555555555556,0.421052631578947,0.0526315789473684,0
72,0.625,0.625,0,0.75,0,0.0833333333333333
73,0.461538461538462,0.538461538461538,0,0.470588235294118,0.0588235294117647,0.0588235294117647
74,0.285714285714286,0.428571428571429,0.0909090909090909,0.454545454545455,0.0909090909090909,0.0909090909090909
75,0.857142857142857,0.714285714285714,0.0476190476190476,0.590909090909091,0.181818181818182,0
76,0.333333333333333,0.333333333333333,0.0769230769230769,0.307692307692308,0,0
77,0.5,0.5,0,0.454545454545455,0,0
78,0.833333333333333,0.833333333333333,0,0.416666666666667,0,0.0833333333333333
79,0.571428571428571,0.571428571428571,0,0.5,0,0
80,0.375,0.5,0,0.4,0,0.1
81,0.833333333333333,0.833333333333333,0,0.2,0,0.1
82,0.5,0.5,0.142857142857143,0.142857142857143,0,0
83,0.833333333333333,0.666666666666667,0,0.125,0,0
84,0.5,0.5,0,0,0,0
85,0.4,0.4,0,0.166666666666667,0,0
86,0.2,0,0,0.333333333333333,0,0
87,0.375,0.428571428571429,0,0.25,0,0
88,0.333333333333333,0,0,0.5,0,0
89,0,0,0,0,0,0
90,0.333333333333333,0.333333333333333,0,0,0,0
91,0,0,0,0,0,0
92,0.666666666666667,0.666666666666667,0,0.666666666666667,0,0
94,0,0,0,0,0,0
97,1,1,0,0.5,0,0
99,0.766666666666667,0.833333333333333,0.0465116279069767,0.612244897959184,0.163265306122449,0.0612244897959184
